{
	"textures": {
		"0": "block/stone"
	},
	"elements": [
		{
			"from": [4, 8, 4],
			"to": [12, 16, 12],
			"rotation": {"angle": 0, "axis": "y", "origin": [8, 8, 8]},
			"faces": {
				"north": {"uv": [2, 2, 10, 10], "texture": "#0"},
				"east": {"uv": [0, 2, 8, 10], "texture": "#0"},
				"south": {"uv": [6, 2, 14, 10], "texture": "#0"},
				"west": {"uv": [4, 2, 12, 10], "texture": "#0"},
				"up": {"uv": [10, 8, 2, 0], "texture": "#0"},
				"down": {"uv": [12, 0, 4, 8], "texture": "#0"}
			}
		}
	],
	"display": {
		"head": {
			"rotation": [0, 180, 0]
		}
	}
}