{
	"textures": {
		"2": "polydecorations:block/brazier_side",
		"3": "polydecorations:block/empty",
		"4": "polydecorations:block/brazier_base",
		"particle": "polydecorations:block/empty",
		"fire": "polydecorations:block/empty2",
		"base": "block/campfire_log"
	},
	"elements": [
		{
			"from": [1, 4, 1],
			"to": [15, 15, 15],
			"faces": {
				"north": {"uv": [0, 0, 14, 11], "texture": "#2"},
				"east": {"uv": [0, 0, 14, 11], "texture": "#2"},
				"south": {"uv": [0, 0, 14, 11], "texture": "#2"},
				"west": {"uv": [0, 0, 14, 11], "texture": "#2"},
				"up": {"uv": [0, 0, 14, 16], "texture": "#3"},
				"down": {"uv": [0, 0, 14, 14], "texture": "#4"}
			}
		},
		{
			"from": [15, 4, 1],
			"to": [1, 15, 15],
			"faces": {
				"north": {"uv": [0, 0, 14, 11], "texture": "#2"},
				"east": {"uv": [0, 0, 14, 11], "texture": "#2"},
				"south": {"uv": [0, 0, 14, 11], "texture": "#2"},
				"west": {"uv": [0, 0, 14, 11], "texture": "#2"},
				"up": {"uv": [0, 0, 14, 14], "texture": "#3"},
				"down": {"uv": [0, 0, 14, 14], "texture": "#4"}
			}
		},
		{
			"from": [3, 4.1, 8],
			"to": [13, 5.1, 13],
			"rotation": {"angle": 0, "axis": "y", "origin": [0, 15, 0]},
			"faces": {
				"north": {"uv": [0, 15, 10, 16], "texture": "#base", "cullface": "north"},
				"east": {"uv": [3, 15, 13, 16], "texture": "#base"},
				"south": {"uv": [6, 15, 16, 16], "texture": "#base", "cullface": "south"},
				"west": {"uv": [2, 15, 12, 16], "texture": "#base"},
				"up": {"uv": [13, 14, 3, 9], "texture": "#base"},
				"down": {"uv": [3, 5, 13, 15], "rotation": 90, "texture": "#base", "cullface": "down"}
			}
		},
		{
			"from": [3, 4.1, 3],
			"to": [13, 5.1, 8],
			"rotation": {"angle": 0, "axis": "y", "origin": [0, 15, 0]},
			"faces": {
				"north": {"uv": [0, 15, 10, 16], "texture": "#base", "cullface": "north"},
				"east": {"uv": [3, 15, 13, 16], "texture": "#base"},
				"south": {"uv": [6, 15, 16, 16], "texture": "#base", "cullface": "south"},
				"west": {"uv": [2, 15, 12, 16], "texture": "#base"},
				"up": {"uv": [3, 9, 13, 14], "texture": "#base"},
				"down": {"uv": [3, 5, 13, 15], "rotation": 90, "texture": "#base", "cullface": "down"}
			}
		},
		{
			"from": [0.8, 4, 8],
			"to": [15.2, 20, 8],
			"shade": false,
			"rotation": {"angle": 45, "axis": "y", "origin": [8, 23, 8], "rescale": true},
			"faces": {
				"north": {"uv": [0, 0, 16, 16], "texture": "#fire"},
				"south": {"uv": [0, 0, 16, 16], "texture": "#fire"}
			}
		},
		{
			"from": [8, 4, 0.8],
			"to": [8, 20, 15.2],
			"shade": false,
			"rotation": {"angle": 45, "axis": "y", "origin": [8, 23, 8], "rescale": true},
			"faces": {
				"east": {"uv": [0, 0, 16, 16], "texture": "#fire"},
				"west": {"uv": [0, 0, 16, 16], "texture": "#fire"}
			}
		},
		{
			"from": [1.5, 2.75, 7],
			"to": [2.5, 7.75, 9],
			"rotation": {"angle": -45, "axis": "z", "origin": [0, 0, 0]},
			"faces": {
				"north": {"uv": [15, 5, 14, 0], "texture": "#2"},
				"east": {"uv": [16, 5, 14, 0], "texture": "#2"},
				"south": {"uv": [15, 5, 14, 0], "texture": "#2"},
				"west": {"uv": [16, 5, 14, 0], "texture": "#2"},
				"up": {"uv": [15, 2, 14, 0], "texture": "#2"},
				"down": {"uv": [15, 2, 14, 0], "texture": "#2"}
			}
		},
		{
			"from": [1, 0, 7],
			"to": [4, 1, 9],
			"faces": {
				"north": {"uv": [0, 13, 3, 14], "texture": "#2"},
				"east": {"uv": [3, 14, 5, 15], "texture": "#2"},
				"south": {"uv": [0, 12, 3, 13], "texture": "#2"},
				"west": {"uv": [3, 15, 5, 16], "texture": "#2"},
				"up": {"uv": [0, 14, 3, 16], "texture": "#2"},
				"down": {"uv": [0, 14, 3, 16], "texture": "#2"}
			}
		},
		{
			"from": [14.5, 5.75, 7],
			"to": [15.5, 10.75, 9],
			"rotation": {"angle": 45, "axis": "z", "origin": [20, 0, 0]},
			"faces": {
				"north": {"uv": [15, 5, 14, 0], "texture": "#2"},
				"east": {"uv": [16, 5, 14, 0], "texture": "#2"},
				"south": {"uv": [15, 5, 14, 0], "texture": "#2"},
				"west": {"uv": [16, 5, 14, 0], "texture": "#2"},
				"up": {"uv": [15, 2, 14, 0], "texture": "#2"},
				"down": {"uv": [15, 2, 14, 0], "texture": "#2"}
			}
		},
		{
			"from": [12, 0, 7],
			"to": [15, 1, 9],
			"rotation": {"angle": 0, "axis": "y", "origin": [20, 0, 0]},
			"faces": {
				"north": {"uv": [0, 13, 3, 14], "texture": "#2"},
				"east": {"uv": [3, 14, 5, 15], "texture": "#2"},
				"south": {"uv": [0, 12, 3, 13], "texture": "#2"},
				"west": {"uv": [3, 15, 5, 16], "texture": "#2"},
				"up": {"uv": [0, 14, 3, 16], "texture": "#2"},
				"down": {"uv": [0, 14, 3, 16], "texture": "#2"}
			}
		},
		{
			"from": [7, -9.25, 8.5],
			"to": [9, -4.25, 9.5],
			"rotation": {"angle": -45, "axis": "x", "origin": [0, 0, -1]},
			"faces": {
				"north": {"uv": [16, 5, 14, 0], "texture": "#2"},
				"east": {"uv": [15, 5, 14, 0], "texture": "#2"},
				"south": {"uv": [16, 5, 14, 0], "texture": "#2"},
				"west": {"uv": [15, 5, 14, 0], "texture": "#2"},
				"up": {"uv": [15, 2, 14, 0], "rotation": 270, "texture": "#2"},
				"down": {"uv": [15, 2, 14, 0], "rotation": 90, "texture": "#2"}
			}
		},
		{
			"from": [7, 0, 12],
			"to": [9, 1, 15],
			"rotation": {"angle": 0, "axis": "y", "origin": [0, 0, -1]},
			"faces": {
				"north": {"uv": [3, 14, 5, 15], "texture": "#2"},
				"east": {"uv": [0, 12, 3, 13], "texture": "#2"},
				"south": {"uv": [3, 15, 5, 16], "texture": "#2"},
				"west": {"uv": [0, 13, 3, 14], "texture": "#2"},
				"up": {"uv": [0, 14, 3, 16], "rotation": 270, "texture": "#2"},
				"down": {"uv": [0, 14, 3, 16], "rotation": 90, "texture": "#2"}
			}
		},
		{
			"from": [7, 0, 1],
			"to": [9, 1, 4],
			"rotation": {"angle": 0, "axis": "y", "origin": [0, 0, -1]},
			"faces": {
				"north": {"uv": [3, 14, 5, 15], "texture": "#2"},
				"east": {"uv": [0, 12, 3, 13], "texture": "#2"},
				"south": {"uv": [3, 15, 5, 16], "texture": "#2"},
				"west": {"uv": [0, 13, 3, 14], "texture": "#2"},
				"up": {"uv": [0, 14, 3, 16], "rotation": 270, "texture": "#2"},
				"down": {"uv": [0, 14, 3, 16], "rotation": 90, "texture": "#2"}
			}
		},
		{
			"from": [7, 3.75, 1.25],
			"to": [9, 8.75, 2.25],
			"rotation": {"angle": 45, "axis": "x", "origin": [0, 0, -1]},
			"faces": {
				"north": {"uv": [16, 5, 14, 0], "texture": "#2"},
				"east": {"uv": [15, 5, 14, 0], "texture": "#2"},
				"south": {"uv": [16, 5, 14, 0], "texture": "#2"},
				"west": {"uv": [15, 5, 14, 0], "texture": "#2"},
				"up": {"uv": [15, 2, 14, 0], "rotation": 270, "texture": "#2"},
				"down": {"uv": [15, 2, 14, 0], "rotation": 90, "texture": "#2"}
			}
		}
	],
	"display": {
		"thirdperson_righthand": {
			"rotation": [75, 45, 0],
			"translation": [0, 2.5, 0],
			"scale": [0.375, 0.375, 0.375]
		},
		"thirdperson_lefthand": {
			"rotation": [75, 45, 0],
			"translation": [0, 2.5, 0],
			"scale": [0.375, 0.375, 0.375]
		},
		"firstperson_righthand": {
			"rotation": [0, 45, 0],
			"scale": [0.4, 0.4, 0.4]
		},
		"firstperson_lefthand": {
			"rotation": [0, 225, 0],
			"scale": [0.4, 0.4, 0.4]
		},
		"ground": {
			"translation": [0, 3, 0],
			"scale": [0.25, 0.25, 0.25]
		},
		"gui": {
			"rotation": [30, 225, 0],
			"scale": [0.625, 0.625, 0.625]
		},
		"fixed": {
			"scale": [0.5, 0.5, 0.5]
		}
	},
	"groups": [
		0,
		1,
		{
			"name": "group",
			"origin": [8, 8, 8],
			"color": 0,
			"nbt": "{}",
			"children": [2, 3, 4, 5]
		},
		{
			"name": "group",
			"origin": [0, 0, 0],
			"color": 0,
			"nbt": "{}",
			"children": [6, 7]
		},
		{
			"name": "group",
			"origin": [0, 0, 0],
			"color": 0,
			"nbt": "{}",
			"children": [8, 9]
		},
		{
			"name": "group",
			"origin": [0, 0, 0],
			"color": 0,
			"nbt": "{}",
			"children": [10, 11]
		},
		{
			"name": "group",
			"origin": [0, 0, 0],
			"color": 0,
			"nbt": "{}",
			"children": [12, 13]
		}
	]
}