{"credit":"Made with Blockbench","textures":{"0":"polyfactory:block/cable/data_io/outside","1":"polyfactory:block/empty","2":"polyfactory:block/cable/data_io/inner","particle":"polyfactory:block/cable/data_io/outside"},"elements":[{"from":[0,0,0],"to":[16,16,16],"faces":{"north":{"uv":[0,0,16,16],"texture":"#0"},"east":{"uv":[0,0,16,16],"texture":"#0"},"south":{"uv":[0,0,16,16],"texture":"#0"},"west":{"uv":[0,0,16,16],"texture":"#0"},"up":{"uv":[0,0,16,16],"texture":"#0"},"down":{"uv":[0,0,16,16],"texture":"#0"}}},{"from":[16,5,5],"to":[0,11,11],"faces":{"north":{"uv":[0,0,16,6],"texture":"#2"},"east":{"uv":[0,0,6,6],"texture":"#1"},"south":{"uv":[0,0,16,6],"texture":"#2"},"west":{"uv":[0,0,6,6],"texture":"#1"},"up":{"uv":[0,0,16,6],"texture":"#2"},"down":{"uv":[0,0,16,6],"texture":"#2"}}},{"from":[5,5,16],"to":[11,11,0],"faces":{"north":{"uv":[0,0,6,6],"texture":"#1"},"east":{"uv":[0,0,16,6],"texture":"#2"},"south":{"uv":[0,0,6,6],"texture":"#1"},"west":{"uv":[0,0,16,6],"texture":"#2"},"up":{"uv":[0,0,16,6],"rotation":270,"texture":"#2"},"down":{"uv":[0,0,16,6],"rotation":90,"texture":"#2"}}},{"from":[5,16,5],"to":[11,0,11],"faces":{"north":{"uv":[0,0,16,6],"rotation":90,"texture":"#2"},"east":{"uv":[0,0,16,6],"rotation":90,"texture":"#2"},"south":{"uv":[0,0,16,6],"rotation":90,"texture":"#2"},"west":{"uv":[0,0,16,6],"rotation":270,"texture":"#2"},"up":{"uv":[0,0,6,6],"texture":"#1"},"down":{"uv":[0,0,6,6],"rotation":180,"texture":"#1"}}},{"from":[2,2,2],"to":[14,14,14],"faces":{"north":{"uv":[2,3,14,15],"texture":"#2"},"east":{"uv":[2,3,14,15],"texture":"#2"},"south":{"uv":[2,3,14,15],"texture":"#2"},"west":{"uv":[2,3,14,15],"texture":"#2"},"up":{"uv":[2,3,14,15],"texture":"#2"},"down":{"uv":[2,3,14,15],"texture":"#2"}}}],"display":{"thirdperson_righthand":{"rotation":[75,45,0],"translation":[0,2.5,0],"scale":[0.375,0.375,0.375]},"thirdperson_lefthand":{"rotation":[75,45,0],"translation":[0,2.5,0],"scale":[0.375,0.375,0.375]},"firstperson_righthand":{"rotation":[0,45,0],"scale":[0.4,0.4,0.4]},"firstperson_lefthand":{"rotation":[0,225,0],"scale":[0.4,0.4,0.4]},"ground":{"translation":[0,3,0],"scale":[0.25,0.25,0.25]},"gui":{"rotation":[30,225,0],"scale":[0.625,0.625,0.625]},"fixed":{"scale":[0.5,0.5,0.5]}}}