{"parent":"minecraft:item/generated","textures":{"layer0":"minecraft:item/clay_ball"},"overrides":[{"model":"polydecorations:block/acacia_shelf_top","predicate":{"custom_model_data":2}},{"model":"polydecorations:block/bamboo_shelf_double","predicate":{"custom_model_data":3}},{"model":"polydecorations:block/birch_bench_left","predicate":{"custom_model_data":4}},{"model":"polydecorations:block/cherry_bench_right","predicate":{"custom_model_data":5}},{"model":"polydecorations:block/dark_oak_bench_middle","predicate":{"custom_model_data":6}},{"model":"polydecorations:block/warped_bench_norest","predicate":{"custom_model_data":7}},{"model":"polydecorations:block/bamboo_bench_norest_left","predicate":{"custom_model_data":8}},{"model":"polydecorations:item/cherry_shelf","predicate":{"custom_model_data":9}},{"model":"polydecorations:item/jungle_mailbox","predicate":{"custom_model_data":10}},{"model":"polydecorations:item/cherry_sign_post","predicate":{"custom_model_data":11}},{"model":"polydecorations:block/statue/deepslate/left_arm","predicate":{"custom_model_data":12}},{"model":"polydecorations:block/statue/prismarine/right_leg","predicate":{"custom_model_data":13}},{"model":"polydecorations:block/statue/quartz/left_arm","predicate":{"custom_model_data":14}},{"model":"polydecorations:block/statue/spruce/left_leg","predicate":{"custom_model_data":15}},{"model":"polydecorations:block/statue/acacia/right_leg","predicate":{"custom_model_data":16}},{"model":"polydecorations:item/jungle_statue","predicate":{"custom_model_data":17}},{"model":"polydecorations:block/statue/warped/head","predicate":{"custom_model_data":18}},{"model":"polydecorations:block/statue/bamboo/body","predicate":{"custom_model_data":19}},{"model":"polydecorations:item/quartz_statue","predicate":{"custom_model_data":20}},{"model":"polyfactory:item/sticky_conveyor","predicate":{"custom_model_data":21}},{"model":"polyfactory:item/gearbox","predicate":{"custom_model_data":22}},{"model":"polyfactory:item/treated_dried_kelp","predicate":{"custom_model_data":23}},{"model":"polyfactory:item/data_memory","predicate":{"custom_model_data":24}},{"model":"polyfactory:item/crushed_raw_copper","predicate":{"custom_model_data":25}}]}