{"parent":"item/generated","textures":{"layer0":"item/feather"},"display":{"head":{"rotation":[0,0,45],"translation":[-1,13,7],"scale":[1,1,1]}},"overrides":[{"model":"polydecorations:block/oak_shelf_double","predicate":{"custom_model_data":2}},{"model":"polydecorations:block/warped_shelf_top","predicate":{"custom_model_data":3}},{"model":"polydecorations:block/spruce_bench_middle","predicate":{"custom_model_data":4}},{"model":"polydecorations:block/acacia_bench_norest","predicate":{"custom_model_data":5}},{"model":"polydecorations:block/jungle_bench_norest_left","predicate":{"custom_model_data":6}},{"model":"polydecorations:block/crimson_bench_norest_right","predicate":{"custom_model_data":7}},{"model":"polydecorations:block/mangrove_bench_norest_middle","predicate":{"custom_model_data":8}},{"model":"polydecorations:item/crimson_shelf","predicate":{"custom_model_data":9}},{"model":"polydecorations:item/birch_bench","predicate":{"custom_model_data":10}},{"model":"polydecorations:item/spruce_mailbox","predicate":{"custom_model_data":11}},{"model":"polydecorations:block/statue/stone/right_arm","predicate":{"custom_model_data":12}},{"model":"polydecorations:block/statue/prismarine/head","predicate":{"custom_model_data":13}},{"model":"polydecorations:block/statue/red_sandstone/right_arm","predicate":{"custom_model_data":14}},{"model":"polydecorations:item/oak_statue","predicate":{"custom_model_data":15}},{"model":"polydecorations:block/statue/acacia/head","predicate":{"custom_model_data":16}},{"model":"polydecorations:block/statue/jungle/body","predicate":{"custom_model_data":17}},{"model":"polydecorations:block/statue/crimson/left_arm","predicate":{"custom_model_data":18}},{"model":"polydecorations:block/statue/mangrove/right_arm","predicate":{"custom_model_data":19}},{"model":"polydecorations:item/deepslate_statue","predicate":{"custom_model_data":20}},{"model":"polyfactory:block/steel_button","predicate":{"custom_model_data":21}},{"model":"polyfactory:item/miner","predicate":{"custom_model_data":22}},{"model":"polyfactory:item/steel_plate","predicate":{"custom_model_data":23}},{"model":"polyfactory:item/redstone_input","predicate":{"custom_model_data":24}},{"model":"polyfactory:item/dynamite","predicate":{"custom_model_data":25}},{"model":"polyfactory:block/data_cube_connector_input_b","predicate":{"custom_model_data":26}}]}