{"parent":"minecraft:item/generated","textures":{"layer0":"minecraft:item/flint"},"overrides":[{"model":"polydecorations:block/birch_shelf_double","predicate":{"custom_model_data":2}},{"model":"polydecorations:block/bamboo_shelf_top","predicate":{"custom_model_data":3}},{"model":"polydecorations:block/spruce_bench_norest_middle","predicate":{"custom_model_data":4}},{"model":"polydecorations:block/cherry_bench_left","predicate":{"custom_model_data":5}},{"model":"polydecorations:block/dark_oak_bench_right","predicate":{"custom_model_data":6}},{"model":"polydecorations:block/warped_bench_middle","predicate":{"custom_model_data":7}},{"model":"polydecorations:block/bamboo_bench_norest","predicate":{"custom_model_data":8}},{"model":"polydecorations:item/birch_shelf","predicate":{"custom_model_data":9}},{"model":"polydecorations:item/spruce_bench","predicate":{"custom_model_data":10}},{"model":"polydecorations:item/acacia_sign_post","predicate":{"custom_model_data":11}},{"model":"polydecorations:block/statue/deepslate/body","predicate":{"custom_model_data":12}},{"model":"polydecorations:block/statue/prismarine/left_leg","predicate":{"custom_model_data":13}},{"model":"polydecorations:block/statue/quartz/body","predicate":{"custom_model_data":14}},{"model":"polydecorations:block/statue/spruce/right_arm","predicate":{"custom_model_data":15}},{"model":"polydecorations:block/statue/acacia/left_leg","predicate":{"custom_model_data":16}},{"model":"polydecorations:block/statue/jungle/right_leg","predicate":{"custom_model_data":17}},{"model":"polydecorations:item/crimson_statue","predicate":{"custom_model_data":18}},{"model":"polydecorations:block/statue/bamboo/head","predicate":{"custom_model_data":19}},{"model":"polydecorations:item/red_sandstone_statue","predicate":{"custom_model_data":20}},{"model":"polyfactory:item/conveyor","predicate":{"custom_model_data":21}},{"model":"polyfactory:item/turntable","predicate":{"custom_model_data":22}},{"model":"polyfactory:item/generic_machine_part","predicate":{"custom_model_data":23}},{"model":"polyfactory:item/arithmetic_operator","predicate":{"custom_model_data":24}},{"model":"polyfactory:item/crushed_raw_iron","predicate":{"custom_model_data":25}}]}