{"parent":"minecraft:item/generated","textures":{"layer0":"minecraft:item/leather"},"overrides":[{"model":"polydecorations:block/cherry_shelf_top","predicate":{"custom_model_data":2}},{"model":"polydecorations:block/oak_bench_right","predicate":{"custom_model_data":3}},{"model":"polydecorations:block/birch_bench_middle","predicate":{"custom_model_data":4}},{"model":"polydecorations:block/cherry_bench_norest","predicate":{"custom_model_data":5}},{"model":"polydecorations:block/dark_oak_bench_norest_left","predicate":{"custom_model_data":6}},{"model":"polydecorations:block/warped_bench_norest_right","predicate":{"custom_model_data":7}},{"model":"polydecorations:block/bamboo_bench_norest_middle","predicate":{"custom_model_data":8}},{"model":"polydecorations:item/warped_shelf","predicate":{"custom_model_data":9}},{"model":"polydecorations:item/crimson_mailbox","predicate":{"custom_model_data":10}},{"model":"polydecorations:item/dark_oak_sign_post","predicate":{"custom_model_data":11}},{"model":"polydecorations:block/statue/deepslate/left_leg","predicate":{"custom_model_data":12}},{"model":"polydecorations:block/statue/sandstone/body","predicate":{"custom_model_data":13}},{"model":"polydecorations:block/statue/quartz/left_leg","predicate":{"custom_model_data":14}},{"model":"polydecorations:item/spruce_statue","predicate":{"custom_model_data":15}},{"model":"polydecorations:block/statue/cherry/head","predicate":{"custom_model_data":16}},{"model":"polydecorations:block/statue/dark_oak/body","predicate":{"custom_model_data":17}},{"model":"polydecorations:block/statue/warped/left_arm","predicate":{"custom_model_data":18}},{"model":"polydecorations:block/statue/bamboo/right_arm","predicate":{"custom_model_data":19}},{"model":"polydecorations:block/lantern_support","predicate":{"custom_model_data":20}},{"model":"polyfactory:item/splitter","predicate":{"custom_model_data":21}},{"model":"polyfactory:item/wooden_container","predicate":{"custom_model_data":22}},{"model":"polyfactory:item/redstone_chip","predicate":{"custom_model_data":23}},{"model":"polyfactory:item/hologram_projector","predicate":{"custom_model_data":24}},{"model":"polyfactory:item/spray_can_empty","predicate":{"custom_model_data":25}}]}