{"parent":"minecraft:item/generated","textures":{"layer0":"minecraft:item/paper"},"overrides":[{"model":"polydecorations:block/oak_shelf_top","predicate":{"custom_model_data":2}},{"model":"polydecorations:block/crimson_shelf_double","predicate":{"custom_model_data":3}},{"model":"polydecorations:block/spruce_bench_right","predicate":{"custom_model_data":4}},{"model":"polydecorations:block/acacia_bench_middle","predicate":{"custom_model_data":5}},{"model":"polydecorations:block/jungle_bench_norest","predicate":{"custom_model_data":6}},{"model":"polydecorations:block/crimson_bench_norest_left","predicate":{"custom_model_data":7}},{"model":"polydecorations:block/mangrove_bench_norest_right","predicate":{"custom_model_data":8}},{"model":"polydecorations:item/acacia_shelf","predicate":{"custom_model_data":9}},{"model":"polydecorations:item/oak_bench","predicate":{"custom_model_data":10}},{"model":"polydecorations:item/warped_mailbox","predicate":{"custom_model_data":11}},{"model":"polydecorations:block/statue/stone/left_arm","predicate":{"custom_model_data":12}},{"model":"polydecorations:block/statue/blackstone/right_leg","predicate":{"custom_model_data":13}},{"model":"polydecorations:block/statue/red_sandstone/left_arm","predicate":{"custom_model_data":14}},{"model":"polydecorations:block/statue/oak/right_leg","predicate":{"custom_model_data":15}},{"model":"polydecorations:item/birch_statue","predicate":{"custom_model_data":16}},{"model":"polydecorations:block/statue/jungle/head","predicate":{"custom_model_data":17}},{"model":"polydecorations:block/statue/crimson/body","predicate":{"custom_model_data":18}},{"model":"polydecorations:block/statue/mangrove/left_arm","predicate":{"custom_model_data":19}},{"model":"polydecorations:item/stone_statue","predicate":{"custom_model_data":20}},{"model":"polyfactory:block/hologram_projector_active","predicate":{"custom_model_data":21}},{"model":"polyfactory:item/mixer","predicate":{"custom_model_data":22}},{"model":"polyfactory:item/steel_ingot","predicate":{"custom_model_data":23}},{"model":"polyfactory:item/item_filter","predicate":{"custom_model_data":24}},{"model":"polyfactory:item/item_counter","predicate":{"custom_model_data":25}},{"model":"polyfactory:item/workbench","predicate":{"custom_model_data":26}},{"model":"polyfactory:block/data_cube_connector_input_a","predicate":{"custom_model_data":27}}]}