{"parent":"minecraft:item/handheld","textures":{"layer0":"minecraft:item/stick"},"overrides":[{"model":"factorytools:block/special/destroy_stage_0","predicate":{"custom_model_data":2}},{"model":"factorytools:block/special/destroy_stage_1","predicate":{"custom_model_data":3}},{"model":"factorytools:block/special/destroy_stage_2","predicate":{"custom_model_data":4}},{"model":"factorytools:block/special/destroy_stage_3","predicate":{"custom_model_data":5}},{"model":"factorytools:block/special/destroy_stage_4","predicate":{"custom_model_data":6}},{"model":"factorytools:block/special/destroy_stage_5","predicate":{"custom_model_data":7}},{"model":"factorytools:block/special/destroy_stage_6","predicate":{"custom_model_data":8}},{"model":"factorytools:block/special/destroy_stage_7","predicate":{"custom_model_data":9}},{"model":"factorytools:block/special/destroy_stage_8","predicate":{"custom_model_data":10}},{"model":"factorytools:block/special/destroy_stage_9","predicate":{"custom_model_data":11}},{"model":"polyfactory:item/saw_dust","predicate":{"custom_model_data":12}},{"model":"polyfactory:item/wooden_plate","predicate":{"custom_model_data":13}}]}