{"parent":"minecraft:item/generated","textures":{"layer0":"minecraft:item/sugar"},"overrides":[{"model":"polydecorations:block/dark_oak_shelf_double","predicate":{"custom_model_data":2}},{"model":"polydecorations:block/oak_bench_norest_middle","predicate":{"custom_model_data":3}},{"model":"polydecorations:block/acacia_bench_left","predicate":{"custom_model_data":4}},{"model":"polydecorations:block/jungle_bench_right","predicate":{"custom_model_data":5}},{"model":"polydecorations:block/crimson_bench_middle","predicate":{"custom_model_data":6}},{"model":"polydecorations:block/mangrove_bench_norest","predicate":{"custom_model_data":7}},{"model":"polydecorations:item/globe","predicate":{"custom_model_data":8}},{"model":"polydecorations:item/mangrove_bench","predicate":{"custom_model_data":9}},{"model":"polydecorations:item/cherry_mailbox","predicate":{"custom_model_data":10}},{"model":"polydecorations:block/statue/stone/head","predicate":{"custom_model_data":11}},{"model":"polydecorations:block/statue/blackstone/right_arm","predicate":{"custom_model_data":12}},{"model":"polydecorations:block/statue/red_sandstone/head","predicate":{"custom_model_data":13}},{"model":"polydecorations:block/statue/oak/right_arm","predicate":{"custom_model_data":14}},{"model":"polydecorations:block/statue/birch/left_leg","predicate":{"custom_model_data":15}},{"model":"polydecorations:block/statue/cherry/right_leg","predicate":{"custom_model_data":16}},{"model":"polydecorations:item/dark_oak_statue","predicate":{"custom_model_data":17}},{"model":"polydecorations:block/statue/mangrove/head","predicate":{"custom_model_data":18}},{"model":"polydecorations:item/large_flower_pot","predicate":{"custom_model_data":19}},{"model":"polydecorations:block/globe_earth","predicate":{"custom_model_data":20}},{"model":"polyfactory:item/press","predicate":{"custom_model_data":21}},{"model":"polyfactory:item/ender_infused_amethyst_shard","predicate":{"custom_model_data":22}},{"model":"polyfactory:item/tachometer","predicate":{"custom_model_data":23}},{"model":"polyfactory:item/electric_generator","predicate":{"custom_model_data":24}},{"model":"polyfactory:block/tiny_potato_spring_base","predicate":{"custom_model_data":25}}]}