{"parent":"minecraft:block/white_terracotta","overrides":[{"model":"polyfactory:block/gen/sticky_conveyor_up_1","predicate":{"custom_model_data":2}},{"model":"polyfactory:block/gen/conveyor_7","predicate":{"custom_model_data":3}},{"model":"polyfactory:block/gen/conveyor_down_12","predicate":{"custom_model_data":4}},{"model":"polyfactory:block/gen/sticky_conveyor_up_1/1","predicate":{"custom_model_data":5}},{"model":"polyfactory:block/gen/conveyor_7/1","predicate":{"custom_model_data":6}},{"model":"polyfactory:block/gen/conveyor_down_12/1","predicate":{"custom_model_data":7}},{"model":"polyfactory:block/gen/sticky_conveyor_up_1/2","predicate":{"custom_model_data":8}},{"model":"polyfactory:block/gen/conveyor_7/2","predicate":{"custom_model_data":9}},{"model":"polyfactory:block/gen/conveyor_down_12/2","predicate":{"custom_model_data":10}},{"model":"polyfactory:block/gen/sticky_conveyor_up_1/3","predicate":{"custom_model_data":11}},{"model":"polyfactory:block/gen/conveyor_7/3","predicate":{"custom_model_data":12}},{"model":"polyfactory:block/gen/conveyor_down_12/3","predicate":{"custom_model_data":13}},{"model":"polyfactory:block/gen/sticky_conveyor_up_1/4","predicate":{"custom_model_data":14}},{"model":"polyfactory:block/gen/conveyor_7/4","predicate":{"custom_model_data":15}},{"model":"polyfactory:block/gen/conveyor_down_12/4","predicate":{"custom_model_data":16}},{"model":"polyfactory:block/gen/sticky_conveyor_up_1/5","predicate":{"custom_model_data":17}},{"model":"polyfactory:block/gen/conveyor_7/5","predicate":{"custom_model_data":18}},{"model":"polyfactory:block/gen/conveyor_down_12/5","predicate":{"custom_model_data":19}},{"model":"polyfactory:block/gen/sticky_conveyor_up_1/6","predicate":{"custom_model_data":20}},{"model":"polyfactory:block/gen/conveyor_7/6","predicate":{"custom_model_data":21}},{"model":"polyfactory:block/gen/conveyor_down_12/6","predicate":{"custom_model_data":22}},{"model":"polyfactory:block/gen/sticky_conveyor_up_1/7","predicate":{"custom_model_data":23}},{"model":"polyfactory:block/gen/conveyor_7/7","predicate":{"custom_model_data":24}},{"model":"polyfactory:block/gen/conveyor_down_12/7","predicate":{"custom_model_data":25}},{"model":"polyfactory:block/gen/sticky_conveyor_up_1/8","predicate":{"custom_model_data":26}},{"model":"polyfactory:block/gen/conveyor_7/8","predicate":{"custom_model_data":27}},{"model":"polyfactory:block/gen/conveyor_down_12/8","predicate":{"custom_model_data":28}},{"model":"polyfactory:block/gen/sticky_conveyor_up_1/9","predicate":{"custom_model_data":29}},{"model":"polyfactory:block/gen/conveyor_7/9","predicate":{"custom_model_data":30}},{"model":"polyfactory:block/gen/conveyor_down_12/9","predicate":{"custom_model_data":31}},{"model":"polyfactory:block/gen/sticky_conveyor_up_1/10","predicate":{"custom_model_data":32}},{"model":"polyfactory:block/gen/conveyor_7/10","predicate":{"custom_model_data":33}},{"model":"polyfactory:block/gen/conveyor_down_12/10","predicate":{"custom_model_data":34}},{"model":"polyfactory:block/gen/sticky_conveyor_up_1/11","predicate":{"custom_model_data":35}},{"model":"polyfactory:block/gen/conveyor_7/11","predicate":{"custom_model_data":36}},{"model":"polyfactory:block/gen/conveyor_down_12/11","predicate":{"custom_model_data":37}},{"model":"polyfactory:block/gen/sticky_conveyor_up_1/12","predicate":{"custom_model_data":38}},{"model":"polyfactory:block/gen/conveyor_7/12","predicate":{"custom_model_data":39}},{"model":"polyfactory:block/gen/conveyor_down_12/12","predicate":{"custom_model_data":40}},{"model":"polyfactory:block/gen/sticky_conveyor_up_1/13","predicate":{"custom_model_data":41}},{"model":"polyfactory:block/gen/conveyor_7/13","predicate":{"custom_model_data":42}},{"model":"polyfactory:block/gen/conveyor_down_12/13","predicate":{"custom_model_data":43}},{"model":"polyfactory:block/gen/sticky_conveyor_up_1/14","predicate":{"custom_model_data":44}},{"model":"polyfactory:block/gen/conveyor_7/14","predicate":{"custom_model_data":45}},{"model":"polyfactory:block/gen/conveyor_down_12/14","predicate":{"custom_model_data":46}},{"model":"polyfactory:block/gen/sticky_conveyor_up_1/15","predicate":{"custom_model_data":47}},{"model":"polyfactory:block/gen/conveyor_7/15","predicate":{"custom_model_data":48}},{"model":"polyfactory:block/gen/conveyor_down_12/15","predicate":{"custom_model_data":49}},{"model":"polyfactory:block/gen/sticky_conveyor_up_1/16","predicate":{"custom_model_data":50}},{"model":"polyfactory:block/gen/conveyor_7/16","predicate":{"custom_model_data":51}},{"model":"polyfactory:block/gen/conveyor_down_12/16","predicate":{"custom_model_data":52}},{"model":"polyfactory:block/gen/sticky_conveyor_up_1/17","predicate":{"custom_model_data":53}},{"model":"polyfactory:block/gen/conveyor_7/17","predicate":{"custom_model_data":54}},{"model":"polyfactory:block/gen/conveyor_down_12/17","predicate":{"custom_model_data":55}},{"model":"polyfactory:block/gen/sticky_conveyor_up_1/18","predicate":{"custom_model_data":56}},{"model":"polyfactory:block/gen/conveyor_7/18","predicate":{"custom_model_data":57}},{"model":"polyfactory:block/gen/conveyor_down_12/18","predicate":{"custom_model_data":58}},{"model":"polyfactory:block/gen/sticky_conveyor_up_1/19","predicate":{"custom_model_data":59}},{"model":"polyfactory:block/gen/conveyor_7/19","predicate":{"custom_model_data":60}},{"model":"polyfactory:block/gen/conveyor_down_12/19","predicate":{"custom_model_data":61}},{"model":"polyfactory:block/gen/sticky_conveyor_up_1/20","predicate":{"custom_model_data":62}},{"model":"polyfactory:block/gen/conveyor_7/20","predicate":{"custom_model_data":63}},{"model":"polyfactory:block/gen/conveyor_down_12/20","predicate":{"custom_model_data":64}}]}